{"cameraMode":{"drawMode":0,"name":"Shaded","section":"Shading Mode"},"sceneLighting":false,"audioPlay":false,"sceneViewState":{"m_AlwaysRefresh":false,"showFog":true,"showSkybox":true,"showFlares":true,"showImageEffects":true,"showParticleSystems":true,"showVisualEffectGraphs":true,"m_FxEnabled":true},"in2DMode":false,"pivot":{"x":1215.5107421875,"y":471.1092529296875,"z":-1119.8612060546875},"rotation":{"x":0.013189790770411492,"y":0.003595838788896799,"z":0.000047589204768883064,"w":-0.9999091029167175},"size":192.95310974121095,"orthographic":false}