{"cameraMode":{"drawMode":0,"name":"Shaded","section":"Shading Mode"},"sceneLighting":false,"audioPlay":false,"sceneViewState":{"m_AlwaysRefresh":false,"showFog":true,"showSkybox":true,"showFlares":true,"showImageEffects":true,"showParticleSystems":true,"showVisualEffectGraphs":true,"m_FxEnabled":true},"in2DMode":false,"pivot":{"x":1097.126708984375,"y":693.6238403320313,"z":174.9193115234375},"rotation":{"x":-0.02730634994804859,"y":-0.0009023442398756743,"z":0.000024732928068260662,"w":-0.9996275901794434},"size":869.2162475585938,"orthographic":false}