{"cameraMode":{"drawMode":0,"name":"Shaded","section":"Shading Mode"},"sceneLighting":true,"audioPlay":false,"sceneViewState":{"m_AlwaysRefresh":false,"showFog":true,"showSkybox":true,"showFlares":true,"showImageEffects":true,"showParticleSystems":true,"showVisualEffectGraphs":true,"m_FxEnabled":true},"in2DMode":false,"pivot":{"x":660.2439575195313,"y":647.2979736328125,"z":-1195.3873291015625},"rotation":{"x":0.004219596739858389,"y":-0.34637415409088137,"z":-0.001563546946272254,"w":-0.9380946755409241},"size":1085.1507568359375,"orthographic":true}