{"cameraMode":{"drawMode":0,"name":"Shaded","section":"Shading Mode"},"sceneLighting":false,"audioPlay":false,"sceneViewState":{"m_AlwaysRefresh":false,"showFog":true,"showSkybox":true,"showFlares":true,"showImageEffects":true,"showParticleSystems":true,"showVisualEffectGraphs":true,"m_FxEnabled":true},"in2DMode":false,"pivot":{"x":1148.4100341796875,"y":567.700927734375,"z":112.95501708984375},"rotation":{"x":-0.009009943343698979,"y":0.0014961189590394498,"z":-0.00001635784428799525,"w":-0.9999690055847168},"size":872.495361328125,"orthographic":false}