{"cameraMode":{"drawMode":0,"name":"Shaded","section":"Shading Mode"},"sceneLighting":false,"audioPlay":false,"sceneViewState":{"m_AlwaysRefresh":false,"showFog":true,"showSkybox":true,"showFlares":true,"showImageEffects":true,"showParticleSystems":true,"showVisualEffectGraphs":true,"m_FxEnabled":true},"in2DMode":false,"pivot":{"x":890.5046997070313,"y":637.3711547851563,"z":-17.675647735595704},"rotation":{"x":0.035682711750268939,"y":-0.00240119150839746,"z":-0.0000857296327012591,"w":-0.9993600249290466},"size":1300.3511962890625,"orthographic":false}