{"cameraMode":{"drawMode":0,"name":"Shaded","section":"Shading Mode"},"sceneLighting":false,"audioPlay":false,"sceneViewState":{"m_AlwaysRefresh":false,"showFog":true,"showSkybox":true,"showFlares":true,"showImageEffects":true,"showParticleSystems":true,"showVisualEffectGraphs":true,"m_FxEnabled":true},"in2DMode":false,"pivot":{"x":10.484307289123536,"y":4.782860279083252,"z":0.756186842918396},"rotation":{"x":-0.0449872724711895,"y":0.018875595182180406,"z":-0.0008516765665262938,"w":-0.9988207817077637},"size":15.689620971679688,"orthographic":false}