{"cameraMode":{"drawMode":0,"name":"Shaded","section":"Shading Mode"},"sceneLighting":false,"audioPlay":false,"sceneViewState":{"m_AlwaysRefresh":false,"showFog":true,"showSkybox":true,"showFlares":true,"showImageEffects":true,"showParticleSystems":true,"showVisualEffectGraphs":true,"m_FxEnabled":true},"in2DMode":false,"pivot":{"x":351.96173095703127,"y":544.5160522460938,"z":189.1188201904297},"rotation":{"x":-0.05125672370195389,"y":0.03354410082101822,"z":-0.0017759109614416957,"w":-0.9981510639190674},"size":1630.0069580078125,"orthographic":false}