{"cameraMode":{"drawMode":0,"name":"Shaded","section":"Shading Mode"},"sceneLighting":false,"audioPlay":false,"sceneViewState":{"m_AlwaysRefresh":false,"showFog":true,"showSkybox":true,"showFlares":true,"showImageEffects":true,"showParticleSystems":true,"showVisualEffectGraphs":true,"m_FxEnabled":true},"in2DMode":false,"pivot":{"x":1278.5965576171875,"y":579.4117431640625,"z":-40.4798583984375},"rotation":{"x":-0.004808863624930382,"y":-0.000902778294403106,"z":0.000005631702151731588,"w":-0.9999943971633911},"size":610.2205810546875,"orthographic":false}