{"cameraMode":{"drawMode":0,"name":"Shaded","section":"Shading Mode"},"sceneLighting":true,"audioPlay":false,"sceneViewState":{"m_AlwaysRefresh":false,"showFog":true,"showSkybox":true,"showFlares":true,"showImageEffects":true,"showParticleSystems":true,"showVisualEffectGraphs":true,"m_FxEnabled":true},"in2DMode":false,"pivot":{"x":1262.066162109375,"y":2.968031883239746,"z":0.1856262981891632},"rotation":{"x":-0.28683656454086306,"y":0.02183549664914608,"z":-0.006540074944496155,"w":-0.9577112197875977},"size":0.43395915627479555,"orthographic":true}